,Client Type,Future Index Long,Future Index Short,Future Stock Long,Future Stock Short       ,Option Index Call Long,Option Index Put Long,Option Index Call Short,Option Index Put Short,Option Stock Call Long,Option Stock Put Long,Option Stock Call Short,Option Stock Put Short,Total Long Contracts      ,Total Short Contracts,Date
0,Client,244810,77464,3250779,294315,3863212,2826521,3647290,3573429,2358177,825355,1343194,1179028,13368854,10114720,29-06-2026
1,DII,82029,11796,469740,4482036,6109,25857,50,194,783,43012,408852,17653,627530,4920581,29-06-2026
2,FII,60489,294940,4035844,3359553,871182,1263889,1116554,647669,297462,462641,501572,302892,6991507,6223179,29-06-2026
3,Pro,49806,52934,964315,584774,1410184,1209175,1386793,1104152,1369821,1256035,1772625,1087470,6259337,5988748,29-06-2026
4,TOTAL,437134,437134,8720678,8720678,6150687,5325443,6150687,5325443,4026243,2587043,4026243,2587043,27247228,27247228,29-06-2026
5,Client,247940,61833,3159794,185689,1786336,1224600,1594036,1941469,1105057,411416,642125,651636,7935143,5076787,30-06-2026
6,DII,72667,11786,246518,4278999,3350,23205,0,179,51,32387,70400,2499,378178,4363863,30-06-2026
7,FII,33502,289912,3743679,3233585,330405,750617,563503,218081,60661,105861,109986,66164,5024724,4481231,30-06-2026
8,Pro,39762,30340,854102,305820,575773,700644,538325,539336,445389,612221,788647,441586,3227890,2644054,30-06-2026
9,TOTAL,393871,393871,8004093,8004093,2695864,2699065,2695864,2699065,1611158,1161885,1611158,1161885,16565936,16565936,30-06-2026
10,Client,251066,63543,3194768,198901,2163161,1888743,2028147,2586510,1345153,502739,783794,753173,9345630,6414068,01-07-2026
11,DII,72675,11786,253022,4287615,3485,25675,0,179,125,33238,134092,2939,388220,4436611,01-07-2026
12,FII,32476,292535,3771958,3275109,424988,881237,674108,375453,89291,142092,154834,98102,5342042,4870141,01-07-2026
13,Pro,40082,28435,869585,327708,736795,907476,626175,740987,595463,727741,957312,551596,3877142,3232213,01-07-2026
14,TOTAL,396299,396299,8089333,8089333,3328429,3703130,3328429,3703130,2030032,1405810,2030032,1405810,18953033,18953033,01-07-2026
15,Client,243441,65455,3188761,209794,2268313,2447661,2209220,3024894,1398494,552702,879183,798193,10099372,7186739,02-07-2026
16,DII,76185,11589,260380,4299854,3460,25675,40,1019,91,34259,160828,4275,400050,4477605,02-07-2026
17,FII,29443,286343,3804985,3270416,439185,859057,664085,417015,120063,171871,184025,118217,5424604,4940101,02-07-2026
18,Pro,40808,26490,865927,339989,772614,974285,610227,863750,703710,771167,998322,609314,4128511,3448093,02-07-2026
19,TOTAL,389877,389877,8120053,8120053,3483572,4306678,3483572,4306678,2222358,1529999,2222358,1529999,20052537,20052537,02-07-2026
20,Client,239868,67171,3193072,215579,3096998,2747363,3007973,3360184,1543742,596642,970696,863839,11417685,8485442,03-07-2026
21,DII,76163,11589,273405,4308220,4090,26055,835,1014,329,34684,201545,6163,414726,4529366,03-07-2026
22,FII,29772,280539,3835098,3287749,479396,921556,712869,444381,138001,199213,218447,134068,5603036,5078053,03-07-2026
23,Pro,44875,31379,866163,356190,929076,1027040,787884,916435,801053,838873,1092437,665342,4507080,3849667,03-07-2026
24,TOTAL,390678,390678,8167738,8167738,4509560,4722015,4509560,4722015,2483125,1669412,2483125,1669412,21942527,21942527,03-07-2026
25,Client,232341,67709,3179272,234871,2801650,3400685,2754218,3913827,1634622,648181,1038830,897275,11896752,8906730,06-07-2026
26,DII,77668,11572,287044,4297008,4195,26015,800,1779,359,35410,238644,6859,430691,4556662,06-07-2026
27,FII,32686,273965,3856372,3284328,481814,973972,670467,516945,151938,214429,239161,151451,5711211,5136316,06-07-2026
28,Pro,42645,32094,864025,370506,962571,1246877,824746,1214999,869717,869926,1140001,712361,4855761,4294706,06-07-2026
29,TOTAL,385340,385340,8186713,8186713,4250230,5647550,4250230,5647550,2656636,1767946,2656636,1767946,22894415,22894415,06-07-2026
30,Client,228252,64093,3162432,246922,1803242,1500941,1631914,2015837,1779543,675542,1083796,940303,9149952,5982864,07-07-2026
31,DII,80816,11572,287662,4279786,5290,26027,90,229,434,35491,283816,8721,435720,4584214,07-07-2026
32,FII,32710,271548,3845780,3242088,355937,718833,544458,275050,164789,235205,259677,162062,5353254,4754883,07-07-2026
33,Pro,38805,33370,867367,394445,583538,632342,571546,587027,909534,922116,1227011,757268,3953702,3570667,07-07-2026
34,TOTAL,380583,380583,8163241,8163241,2748007,2878143,2748007,2878143,2854300,1868354,2854300,1868354,18892629,18892629,07-07-2026
35,Client,245471,58316,3095220,233127,2773248,1722410,2479076,2351332,1858115,613580,1084323,967950,10308044,7174124,08-07-2026
36,DII,79832,8602,298456,4219367,6745,28169,940,369,523,35450,303692,9169,449175,4542139,08-07-2026
37,FII,30225,298811,3804278,3226723,486150,912286,769301,365622,180386,280738,293100,169283,5694063,5122840,08-07-2026
38,Pro,46256,36055,888725,407462,920746,744822,937573,690364,934059,997230,1291968,780596,4531838,4144018,08-07-2026
39,TOTAL,401784,401784,8086679,8086679,4186889,3407688,4186889,3407688,2973083,1926998,2973083,1926998,20983120,20983120,08-07-2026
40,Client,238476,58860,3125733,248751,2877150,2163635,2705175,2809195,1976641,676441,1142350,1004755,11058077,7969086,09-07-2026
41,DII,78283,8602,301278,4245102,7051,28649,950,369,938,35460,338373,10581,451659,4603977,09-07-2026
42,FII,31455,297706,3815377,3223806,496386,935784,752614,411559,192966,308050,321635,179688,5780018,5187008,09-07-2026
43,Pro,50489,33535,901430,426159,906869,886700,828716,793645,987339,1013607,1355526,838534,4746433,4276115,09-07-2026
44,TOTAL,398703,398703,8143818,8143818,4287456,4014768,4287456,4014768,3157884,2033558,3157884,2033558,22036187,22036187,09-07-2026
45,Client,230182,60551,3108529,263369,2678011,2788195,2639136,3417713,2003068,723858,1179146,1024910,11531843,8584825,10-07-2026
46,DII,78304,10880,322858,4261952,5721,28739,900,304,3608,35710,347527,11211,474940,4632774,10-07-2026
47,FII,34427,289138,3841103,3202675,520634,1058720,739245,580162,207763,324926,341584,199856,5987572,5352660,10-07-2026
48,Pro,51172,33516,903186,447680,973913,1201939,798997,1079415,1037959,1031050,1384141,879567,5199219,4623316,10-07-2026
49,TOTAL,394085,394085,8175676,8175676,4178278,5077593,4178278,5077593,3252398,2115544,3252398,2115544,23193575,23193575,10-07-2026
50,Client,228874,62043,3136160,276185,2916605,3534672,2897584,4141090,2086335,765610,1220523,1066816,12668256,9664241,13-07-2026
51,DII,78213,10880,339787,4278776,6036,32812,915,304,4291,35911,359648,11056,497050,4661579,13-07-2026
52,FII,32009,287122,3833241,3205416,507535,1075158,683709,620999,233101,348062,364076,224004,6029106,5385326,13-07-2026
53,Pro,50458,29509,922639,471450,1002009,1470340,849976,1350590,1089521,1067104,1469001,914811,5602071,5085336,13-07-2026
54,TOTAL,389554,389554,8231827,8231827,4432184,6112983,4432184,6112983,3413248,2216687,3413248,2216687,24796483,24796483,13-07-2026
55,Client,236786,57754,3165551,283269,1988310,1558376,1862244,2187395,2269314,763585,1259925,1109923,9981922,6760509,14-07-2026
56,DII,76373,10960,356748,4248154,6095,32414,830,154,4291,35740,398700,11704,511661,4670502,14-07-2026
57,FII,26671,292136,3783940,3237702,425667,815790,604801,317466,238754,366432,383025,231459,5657254,5066589,14-07-2026
58,Pro,48801,27781,964424,501538,716728,723668,668925,625233,1093582,1112376,1564291,925047,4659579,4312815,14-07-2026
59,TOTAL,388631,388631,8270663,8270663,3136800,3130248,3136800,3130248,3605941,2278133,3605941,2278133,20810416,20810416,14-07-2026
60,Client,230456,57864,3180859,296919,2468399,1859909,2356107,2510574,2376193,799482,1304567,1144374,10915298,7670405,15-07-2026
61,DII,76670,10920,379348,4242463,5990,32404,800,274,6015,35447,405655,11877,535874,4671989,15-07-2026
62,FII,26357,289069,3770340,3252827,454643,894399,684037,393471,247095,381573,402141,240518,5774407,5262063,15-07-2026
63,Pro,52300,27930,998927,537265,880391,801196,768480,683589,1115287,1136413,1632227,956146,4984514,4605637,15-07-2026
64,TOTAL,385783,385783,8329474,8329474,3809423,3587908,3809423,3587908,3744590,2352915,3744590,2352915,22210093,22210093,15-07-2026
65,Client,228686,59851,3179481,296958,2705275,2103936,2620666,2749094,2435365,832253,1341188,1168589,11484996,8236346,16-07-2026
66,DII,74619,10920,374634,4264717,7715,32404,0,214,4691,36141,411856,13788,530204,4701495,16-07-2026
67,FII,25419,275305,3784692,3250525,484524,915636,703407,427465,263460,394183,423850,253329,5867913,5333881,16-07-2026
68,Pro,46950,29598,1039156,565763,944098,891192,817538,766395,1136926,1154204,1663548,981075,5212526,4823916,16-07-2026
69,TOTAL,375674,375674,8377963,8377963,4141611,3943167,4141611,3943167,3840442,2416781,3840442,2416781,23095638,23095638,16-07-2026
70,Client,219094,73128,3158159,324434,2387972,3123046,2599692,3593778,2453961,870360,1364450,1200956,12212592,9156437,17-07-2026
71,DII,74763,15604,395684,4246695,7590,32374,26,164,4775,36207,417897,12862,551393,4693248,17-07-2026
72,FII,30554,247082,3780034,3226489,584454,1048195,653865,650336,289458,411527,441030,275812,6144222,5494614,17-07-2026
73,Pro,40283,28880,1072053,608312,1063247,1304060,789680,1263397,1184422,1188881,1709239,1017345,5852945,5416853,17-07-2026
74,TOTAL,364694,364694,8405930,8405930,4043263,5507675,4043263,5507675,3932616,2506975,3932616,2506975,24761152,24761152,17-07-2026
75,Client,215325,65941,3164722,312153,2859358,3159938,2963923,3777033,2540934,897321,1410599,1229221,12837597,9758870,20-07-2026
76,DII,74318,15512,394872,4252674,7640,33849,40,182,3170,36931,428228,14296,550780,4710932,20-07-2026
77,FII,25335,245158,3764392,3210689,538235,1038902,688092,628369,307340,443144,470436,289608,6117349,5532352,20-07-2026
78,Pro,46089,34456,1090966,639436,1111291,1323625,864469,1150730,1233923,1206148,1776104,1050419,6012042,5515614,20-07-2026
79,TOTAL,361067,361067,8414952,8414952,4516524,5556314,4516524,5556314,4085367,2583544,4085367,2583544,25517768,25517768,20-07-2026
80,Client,214933,66852,3211868,322286,2226814,1721080,2080039,2330256,2615938,882121,1439173,1264269,10872754,7502875,21-07-2026
81,DII,91039,15512,397830,4247390,7715,33897,30,182,3135,40123,434337,14320,573739,4711771,21-07-2026
82,FII,23712,252559,3764692,3240746,472444,871686,642499,362759,302032,452527,480099,288309,5887094,5266971,21-07-2026
83,Pro,41021,35782,1127312,691280,724714,779626,709118,713092,1235041,1234638,1802537,1042511,5142352,4994321,21-07-2026
84,TOTAL,370705,370705,8501702,8501702,3431687,3406289,3431687,3406289,4156146,2609409,4156146,2609409,22475938,22475938,21-07-2026
85,Client,227949,63366,3224508,333164,3016955,2004385,2844682,2696167,2650670,884283,1450033,1289420,12008750,8676833,22-07-2026
86,DII,89529,15707,401268,4222046,7815,34284,120,182,3948,39753,436026,13683,576597,4687764,22-07-2026
87,FII,24436,276140,3772145,3261469,588956,1009374,837929,464966,296141,460314,484378,290769,6151367,5615651,22-07-2026
88,Pro,44801,31502,1163936,745178,1084005,897069,1015000,783797,1248634,1280350,1828956,1070828,5718795,5475261,22-07-2026
89,TOTAL,386715,386715,8561857,8561857,4697731,3945113,4697731,3945113,4199393,2664700,4199393,2664700,24455509,24455509,22-07-2026
90,Client,232911,65424,3196204,316879,3445334,2142806,3278282,2912153,2585785,881659,1428436,1284204,12484698,9285379,23-07-2026
91,DII,83066,15760,403988,4228114,7815,35354,225,185,3941,40517,440140,14979,574681,4699403,23-07-2026
92,FII,24274,287356,3753431,3206282,618665,1037634,933152,491106,287043,462095,468711,280391,6183142,5666999,23-07-2026
93,Pro,60363,32074,1049022,651370,1233629,957379,1093784,769727,1243157,1293427,1782639,1098124,5836978,5427718,23-07-2026
94,TOTAL,400614,400614,8402645,8402645,5305443,4173172,5305443,4173172,4119926,2677698,4119926,2677698,25079499,25079499,23-07-2026
95,Client,239763,63265,3192332,278253,3506533,2630865,3461767,3333756,2491560,842003,1376379,1243565,12903057,9756985,24-07-2026
96,DII,80806,15678,406764,4311708,7815,41274,275,225,4572,37206,438114,15569,578437,4781569,24-07-2026
97,FII,28237,299084,3754752,3180040,681831,1125560,940641,590382,263541,462387,480276,268634,6316307,5759057,24-07-2026
98,Pro,64445,35224,975847,559694,1325852,1056485,1119349,929820,1226600,1262397,1691504,1076225,5911626,5411816,24-07-2026
99,TOTAL,413251,413251,8329695,8329695,5522031,4854184,5522031,4854184,3986273,2603993,3986273,2603993,25709427,25709427,24-07-2026
100,Client,230926,61733,3186895,288415,3446702,3189753,3380079,3844111,2294175,844028,1302463,1188593,13192479,10065394,27-07-2026
101,DII,80730,15645,420312,4350550,7770,50746,235,225,3210,38913,424580,14998,601681,4806233,27-07-2026
102,FII,28429,295354,3745860,3094669,693833,1124890,919371,642841,233384,409618,446293,232750,6236014,5631278,27-07-2026
103,Pro,65692,33045,922798,542231,1233529,1269977,1082150,1148189,1211879,1206111,1569312,1062329,5909986,5437256,27-07-2026
104,TOTAL,405777,405777,8275865,8275865,5381835,5635365,5381835,5635365,3742648,2498670,3742648,2498670,25940160,25940160,27-07-2026
105,Client,205837,52584,3072856,194452,1757449,1373039,1568403,1996366,1061765,457117,649152,709131,7928063,5170088,28-07-2026
106,DII,70112,15641,258616,4199595,3360,38202,80,125,964,32133,76768,4478,403387,4296687,28-07-2026
107,FII,21862,227463,3515193,2950984,304843,733568,552390,211668,61979,112413,109843,49406,4749858,4101754,28-07-2026
108,Pro,20281,22404,817070,318704,532086,553144,476865,489794,433001,601419,721946,440067,2957002,2469780,28-07-2026
109,TOTAL,318092,318092,7663735,7663735,2597738,2697954,2597738,2697954,1557709,1203082,1557709,1203082,16038310,16038310,28-07-2026
